# time_ms,q_0,q_1,q_2,q_3,q_4,q_5,q_6,dq_0,dq_1,dq_2,dq_3,dq_4,dq_5,dq_6,tau_J_0,tau_J_1,tau_J_2,tau_J_3,tau_J_4,tau_J_5,tau_J_6,O_dP_EE_c_0,O_dP_EE_c_1,O_dP_EE_c_2,O_dP_EE_c_3,O_dP_EE_c_4,O_dP_EE_c_5
10408058.000000,-2.338445,-1.662595,1.184001,-1.421777,1.728304,1.205217,-0.570907,0.000402,0.004499,-0.000434,0.001071,0.000142,-0.000083,0.000781,-0.144000,40.110516,-22.742508,-4.189882,0.978177,1.331283,-0.235429,0.000000,0.000000,0.000000,0.000000,0.000000,0.000000
10408059.000000,-2.338447,-1.662593,1.184003,-1.421780,1.728303,1.205216,-0.570914,-0.000383,0.003953,0.000360,-0.000399,-0.000143,-0.000055,-0.001683,-0.116229,40.086712,-22.770279,-4.142274,0.984586,1.331283,-0.175919,0.000000,0.000000,0.000000,0.000000,0.000000,0.000000
10408060.000000,-2.338448,-1.662595,1.184003,-1.421780,1.728303,1.205215,-0.570913,-0.000814,0.002376,0.000240,-0.000266,-0.000095,-0.000511,-0.000885,-0.092425,40.110516,-22.770279,-4.142274,0.984586,1.344100,-0.182328,0.000000,0.000000,0.000000,0.000000,0.000000,0.000000
10408061.000000,-2.338445,-1.662593,1.184003,-1.421780,1.728302,1.205215,-0.570914,0.000663,0.002364,0.000160,-0.000177,-0.000504,-0.000104,-0.001065,-0.144000,40.086712,-22.770279,-4.142274,0.996488,1.337692,-0.169511,0.000000,0.000000,0.000000,0.000000,0.000000,0.000000
10408062.000000,-2.338438,-1.662600,1.184004,-1.421779,1.728302,1.205216,-0.570909,0.006640,-0.000866,0.002120,0.001722,0.000783,-0.000815,-0.001568,0.129743,40.062908,-22.718704,-4.090700,0.966276,1.357833,-0.274796,0.000000,0.000000,0.000000,0.000000,0.000000,0.000000
10408063.000000,-2.338437,-1.662602,1.184005,-1.421779,1.728306,1.205210,-0.570933,0.012988,-0.002118,0.002152,0.005551,0.000681,0.002629,-0.011841,1.268354,39.721722,-22.472733,-3.868532,0.835355,1.507064,-0.248246,0.000000,0.000000,0.000000,0.000000,0.000000,0.000000
10408064.000000,-2.338406,-1.662602,1.184026,-1.421771,1.728304,1.205211,-0.570975,0.022302,0.002129,0.011563,0.007837,-0.003775,0.003615,-0.024289,2.851301,39.130596,-22.325943,-3.598757,0.679716,1.708480,-0.221696,0.000000,0.000000,0.000000,0.000000,0.000000,0.000000
10408065.000000,-2.338354,-1.662597,1.184054,-1.421780,1.728289,1.205227,-0.571019,0.027112,0.003229,0.019306,0.001362,-0.005852,0.008007,-0.033413,4.759565,38.325237,-22.079971,-3.102846,0.613798,1.825668,-0.320573,0.000000,0.000000,0.000000,0.000000,0.000000,0.000000
10408066.000000,-2.338294,-1.662604,1.184085,-1.421786,1.728263,1.205273,-0.571101,0.032442,0.002959,0.019896,-0.000454,-0.013195,0.021151,-0.051388,6.814619,37.662701,-21.738785,-2.706117,0.578092,1.793624,-0.261979,0.000000,0.000000,0.000000,0.000000,0.000000,0.000000
10408067.000000,-2.338207,-1.662608,1.184128,-1.421809,1.728225,1.205341,-0.571192,0.043930,0.001887,0.028047,-0.009489,-0.020468,0.039027,-0.065375,8.496747,37.004131,-21.445206,-2.237978,0.596403,1.649886,-0.301347,0.000000,0.000000,0.000000,0.000000,0.000000,0.000000
10408068.000000,-2.338106,-1.662606,1.184179,-1.421846,1.728178,1.205426,-0.571307,0.058288,0.005218,0.034661,-0.024791,-0.033664,0.059419,-0.081876,10.055890,36.293987,-21.147659,-1.793642,0.571683,1.532699,-0.307755,0.000000,0.000000,0.000000,0.000000,0.000000,0.000000
10408069.000000,-2.338000,-1.662615,1.184238,-1.421889,1.728110,1.205539,-0.571453,0.071444,0.001235,0.042723,-0.032093,-0.044440,0.073962,-0.102649,11.492047,35.853619,-20.854080,-1.519899,0.571683,1.422836,-0.229020,0.000000,0.000000,0.000000,0.000000,0.000000,0.000000
10408070.000000,-2.337869,-1.662619,1.184304,-1.421947,1.728024,1.205671,-0.571593,0.086578,0.001791,0.051557,-0.044578,-0.061775,0.092466,-0.111992,12.606854,35.413250,-20.536697,-1.226320,0.571683,1.337692,-0.301347,0.000000,0.000000,0.000000,0.000000,0.000000,0.000000
10408071.000000,-2.337738,-1.662614,1.184381,-1.422010,1.727931,1.205819,-0.571756,0.096561,0.003037,0.059282,-0.051013,-0.075440,0.110783,-0.122812,13.745465,34.945110,-20.266922,-1.051759,0.458158,1.357833,-0.254655,0.000000,0.000000,0.000000,0.000000,0.000000,0.000000
10408072.000000,-2.337593,-1.662610,1.184472,-1.422090,1.727804,1.205990,-0.571922,0.109827,0.002790,0.067654,-0.062824,-0.089304,0.131037,-0.133163,14.709516,34.532513,-20.120132,-0.853395,0.446256,1.448470,-0.208878,0.000000,0.000000,0.000000,0.000000,0.000000,0.000000
10408073.000000,-2.337423,-1.662603,1.184576,-1.422187,1.727668,1.206199,-0.572081,0.128502,0.002241,0.075509,-0.072289,-0.106959,0.158290,-0.134054,15.451398,34.139751,-20.044754,-0.655031,0.398649,1.461288,-0.301347,0.000000,0.000000,0.000000,0.000000,0.000000,0.000000
10408074.000000,-2.337240,-1.662584,1.184689,-1.422302,1.727509,1.206441,-0.572255,0.143344,0.007410,0.089237,-0.082614,-0.121855,0.185975,-0.146151,16.121870,33.647808,-20.020950,-0.456667,0.362943,1.383468,-0.248246,0.000000,0.000000,0.000000,0.000000,0.000000,0.000000
10408075.000000,-2.337041,-1.662568,1.184817,-1.422434,1.727321,1.206700,-0.572422,0.161683,0.008786,0.102101,-0.100539,-0.145888,0.210291,-0.153439,16.590010,33.259014,-20.020950,-0.234499,0.422452,1.331283,-0.229020,0.000000,0.000000,0.000000,0.000000,0.000000,0.000000
10408076.000000,-2.336816,-1.662549,1.184963,-1.422589,1.727122,1.206984,-0.572583,0.180958,0.013221,0.119092,-0.119257,-0.161587,0.236760,-0.156224,16.911360,32.866253,-20.191544,-0.036134,0.428861,1.285506,-0.254655,0.000000,0.000000,0.000000,0.000000,0.000000,0.000000
10408077.000000,-2.336580,-1.662528,1.185118,-1.422768,1.726903,1.207293,-0.572748,0.195751,0.012902,0.131919,-0.138603,-0.177677,0.263037,-0.160807,17.161299,32.497295,-20.266922,0.233641,0.428861,1.299239,-0.235429,0.000000,0.000000,0.000000,0.000000,0.000000,0.000000
10408078.000000,-2.336340,-1.662513,1.185282,-1.422946,1.726649,1.207628,-0.572908,0.208718,0.013529,0.144074,-0.147763,-0.199715,0.287394,-0.158486,17.458845,32.231487,-20.290726,0.285216,0.440763,1.318465,-0.235429,0.000000,0.000000,0.000000,0.000000,0.000000,0.000000
10408079.000000,-2.336062,-1.662495,1.185449,-1.423147,1.726394,1.207983,-0.573067,0.229543,0.013806,0.151525,-0.161789,-0.214176,0.305679,-0.156233,17.530256,31.985516,-20.266922,0.380431,0.398649,1.318465,-0.261979,0.000000,0.000000,0.000000,0.000000,0.000000,0.000000
10408080.000000,-2.335784,-1.662479,1.185635,-1.423360,1.726122,1.208341,-0.573225,0.245214,0.019251,0.161570,-0.178919,-0.235037,0.324004,-0.156091,17.704817,31.791119,-20.314529,0.455809,0.374845,1.435653,-0.241837,0.000000,0.000000,0.000000,0.000000,0.000000,0.000000
10408081.000000,-2.335482,-1.662462,1.185826,-1.423593,1.725837,1.208723,-0.573377,0.261806,0.017449,0.174661,-0.193772,-0.252281,0.341791,-0.154703,17.780195,31.592754,-20.314529,0.479613,0.381254,1.578475,-0.261979,0.000000,0.000000,0.000000,0.000000,0.000000,0.000000
10408082.000000,-2.335158,-1.662452,1.186023,-1.423851,1.725527,1.209142,-0.573532,0.280906,0.016452,0.182559,-0.211263,-0.272762,0.360281,-0.155355,17.704817,31.521343,-20.191544,0.630369,0.339139,1.591293,-0.254655,0.000000,0.000000,0.000000,0.000000,0.000000,0.000000
10408083.000000,-2.334817,-1.662446,1.186237,-1.424115,1.725194,1.209581,-0.573678,0.298353,0.011218,0.190146,-0.229933,-0.285049,0.388348,-0.153814,17.605635,31.521343,-20.167740,0.753355,0.351041,1.552840,-0.261979,0.000000,0.000000,0.000000,0.000000,0.000000,0.000000
10408084.000000,-2.334471,-1.662435,1.186455,-1.424406,1.724853,1.210052,-0.573826,0.314040,0.009986,0.198488,-0.246763,-0.303540,0.414894,-0.153200,17.657209,31.422161,-20.120132,0.900145,0.356534,1.467696,-0.261979,0.000000,0.000000,0.000000,0.000000,0.000000,0.000000
10408085.000000,-2.334104,-1.662429,1.186687,-1.424705,1.724497,1.210537,-0.573973,0.328170,0.009847,0.210796,-0.260250,-0.319913,0.435328,-0.154475,17.581831,31.422161,-20.092361,0.999327,0.315336,1.383468,-0.215287,0.000000,0.000000,0.000000,0.000000,0.000000,0.000000
10408086.000000,-2.333725,-1.662423,1.186928,-1.425010,1.724117,1.211047,-0.574117,0.342009,0.010640,0.214172,-0.276619,-0.335462,0.456821,-0.152360,17.629438,31.398357,-20.120132,1.023131,0.356534,1.357833,-0.241837,0.000000,0.000000,0.000000,0.000000,0.000000,0.000000
10408087.000000,-2.333340,-1.662420,1.187174,-1.425327,1.723724,1.211581,-0.574268,0.351676,0.007626,0.224545,-0.288244,-0.355248,0.475413,-0.152955,17.728621,31.398357,-20.020950,0.876341,0.351041,1.357833,-0.215287,0.000000,0.000000,0.000000,0.000000,0.000000,0.000000
10408088.000000,-2.332947,-1.662420,1.187428,-1.425647,1.723319,1.212124,-0.574413,0.365695,0.007530,0.234719,-0.295907,-0.366425,0.500468,-0.153219,17.926985,31.445965,-19.897964,0.777159,0.374845,1.429244,-0.215287,0.000000,0.000000,0.000000,0.000000,0.000000,0.000000
10408089.000000,-2.332534,-1.662414,1.187690,-1.425989,1.722904,1.212694,-0.574553,0.378657,0.005026,0.243483,-0.310596,-0.379588,0.522944,-0.146464,18.176924,31.469769,-19.798782,0.701781,0.398649,1.494247,-0.248246,0.000000,0.000000,0.000000,0.000000,0.000000,0.000000
10408090.000000,-2.332107,-1.662408,1.187971,-1.426337,1.722478,1.213293,-0.574696,0.401050,0.004330,0.255486,-0.328528,-0.390280,0.567495,-0.148361,18.474470,31.445965,-19.822586,0.701781,0.464567,1.402694,-0.229020,0.000000,0.000000,0.000000,0.000000,0.000000,0.000000
10408091.000000,-2.331670,-1.662401,1.188257,-1.426708,1.722062,1.213921,-0.574836,0.411117,0.002090,0.268205,-0.340937,-0.405597,0.586364,-0.143320,18.645063,31.493572,-19.846390,0.852537,0.535978,1.259872,-0.254655,0.000000,0.000000,0.000000,0.000000,0.000000,0.000000
10408092.000000,-2.331224,-1.662393,1.188543,-1.427101,1.721633,1.214570,-0.574973,0.419226,0.004159,0.276232,-0.356197,-0.411186,0.610463,-0.146053,19.017988,31.521343,-19.774979,1.150084,0.637601,1.162826,-0.254655,0.000000,0.000000,0.000000,0.000000,0.000000,0.000000
10408093.000000,-2.330763,-1.662389,1.188842,-1.427502,1.721214,1.215225,-0.575111,0.432462,0.004832,0.282960,-0.373061,-0.412880,0.627106,-0.147990,19.339338,31.592754,-19.675797,1.542845,0.685209,1.123458,-0.235429,0.000000,0.000000,0.000000,0.000000,0.000000,0.000000
10408094.000000,-2.330274,-1.662388,1.189153,-1.427910,1.720811,1.215911,-0.575246,0.447968,0.001507,0.294841,-0.384840,-0.413835,0.643020,-0.143337,19.585310,31.691936,-19.675797,1.693602,0.709928,1.096908,-0.261979,0.000000,0.000000,0.000000,0.000000,0.000000,0.000000
10408095.000000,-2.329803,-1.662381,1.189475,-1.428338,1.720406,1.216612,-0.575389,0.457821,0.004066,0.301320,-0.401094,-0.407744,0.653091,-0.146360,20.105024,31.715740,-19.604385,1.963377,0.685209,1.123458,-0.215287,0.000000,0.000000,0.000000,0.000000,0.000000,0.000000
10408096.000000,-2.329302,-1.662375,1.189807,-1.428771,1.720013,1.217330,-0.575525,0.467596,0.002201,0.311068,-0.411587,-0.401205,0.673583,-0.142437,20.529524,31.763348,-19.529007,2.185545,0.584501,1.175643,-0.241837,0.000000,0.000000,0.000000,0.000000,0.000000,0.000000
10408097.000000,-2.328781,-1.662371,1.190145,-1.429225,1.719624,1.218076,-0.575656,0.474674,0.003140,0.315999,-0.429122,-0.399383,0.693629,-0.142897,20.553328,31.838726,-19.406021,2.209349,0.566190,1.182052,-0.287614,0.000000,0.000000,0.000000,0.000000,0.000000,0.000000
10408098.000000,-2.328279,-1.662357,1.190507,-1.429706,1.719219,1.218825,-0.575796,0.473237,0.006519,0.328678,-0.447394,-0.398242,0.712404,-0.142363,19.882856,31.814922,-19.306839,2.114134,0.571683,1.247054,-0.235429,0.000000,0.000000,0.000000,0.000000,0.000000,0.000000
10408099.000000,-2.327775,-1.662348,1.190882,-1.430214,1.718812,1.219622,-0.575927,0.481671,0.006267,0.344031,-0.466797,-0.399650,0.740276,-0.138390,18.446699,31.763348,-19.013260,1.693602,0.625699,1.182052,-0.268388,0.000000,0.000000,0.000000,0.000000,0.000000,0.000000
10408100.000000,-2.327274,-1.662325,1.191293,-1.430743,1.718411,1.220442,-0.576054,0.493370,0.012138,0.369143,-0.482062,-0.403229,0.767649,-0.132224,16.344038,31.445965,-18.767288,1.122313,0.620206,1.052047,-0.281205,0.000000,0.000000,0.000000,0.000000,0.000000,0.000000
10408101.000000,-2.326786,-1.662312,1.191727,-1.431271,1.717999,1.221263,-0.576187,0.491203,0.012773,0.389536,-0.490085,-0.404525,0.783985,-0.128983,14.241376,31.128582,-18.398331,0.507384,0.589994,0.999862,-0.241837,0.000000,0.000000,0.000000,0.000000,0.000000,0.000000
10408102.000000,-2.326297,-1.662301,1.192181,-1.431810,1.717606,1.222106,-0.576311,0.493660,0.010187,0.412041,-0.498251,-0.399033,0.803872,-0.128771,12.011762,30.787395,-18.057144,-0.111513,0.494779,1.064864,-0.261979,0.000000,0.000000,0.000000,0.000000,0.000000,0.000000
10408103.000000,-2.325826,-1.662293,1.192647,-1.432339,1.717220,1.222948,-0.576441,0.495137,0.012602,0.422785,-0.515292,-0.392291,0.822628,-0.128226,10.032086,30.517620,-17.517593,-0.730409,0.339139,1.188461,-0.215287,0.000000,0.000000,0.000000,0.000000,0.000000,0.000000
10408104.000000,-2.325352,-1.662292,1.193130,-1.432861,1.716836,1.223814,-0.576566,0.491127,0.010347,0.442808,-0.515195,-0.388941,0.832027,-0.128550,8.322186,30.418438,-17.172440,-1.396913,0.201810,1.337692,-0.241837,0.000000,0.000000,0.000000,0.000000,0.000000,0.000000
10408105.000000,-2.324877,-1.662297,1.193626,-1.433397,1.716460,1.224716,-0.576694,0.497113,0.004442,0.458830,-0.515554,-0.378764,0.852169,-0.129064,6.715436,30.370831,-16.855057,-1.769838,0.112089,1.454879,-0.254655,0.000000,0.000000,0.000000,0.000000,0.000000,0.000000
10408106.000000,-2.324397,-1.662301,1.194136,-1.433916,1.716103,1.225624,-0.576822,0.492490,0.001084,0.467772,-0.513522,-0.371085,0.868311,-0.128768,5.303083,30.295452,-16.557510,-2.114992,0.015958,1.461288,-0.202470,0.000000,0.000000,0.000000,0.000000,0.000000,0.000000
10408107.000000,-2.323917,-1.662307,1.194648,-1.434442,1.715722,1.226568,-0.576940,0.490391,-0.001956,0.484474,-0.513346,-0.372283,0.894022,-0.123035,4.065290,30.247845,-16.386917,-2.214174,0.100187,1.409103,-0.261979,0.000000,0.000000,0.000000,0.000000,0.000000,0.000000
10408108.000000,-2.323432,-1.662314,1.195165,-1.434970,1.715339,1.227513,-0.577060,0.490046,-0.006615,0.492280,-0.520012,-0.372591,0.904862,-0.121834,2.879072,30.172466,-16.192520,-2.162599,0.213712,1.357833,-0.268388,0.000000,0.000000,0.000000,0.000000,0.000000,0.000000
10408109.000000,-2.322944,-1.662322,1.195688,-1.435484,1.714974,1.228483,-0.577190,0.488267,-0.005489,0.498002,-0.522722,-0.374370,0.919836,-0.121849,1.911054,30.172466,-15.970352,-2.039613,0.285123,1.370651,-0.208878,0.000000,0.000000,0.000000,0.000000,0.000000,0.000000
10408110.000000,-2.322450,-1.662338,1.196206,-1.435990,1.714600,1.229471,-0.577306,0.486640,-0.010087,0.505509,-0.513336,-0.372889,0.936526,-0.118465,1.046186,30.271648,-15.724380,-1.964235,0.369352,1.435653,-0.254655,0.000000,0.000000,0.000000,0.000000,0.000000,0.000000
10408111.000000,-2.321971,-1.662349,1.196735,-1.436487,1.714240,1.230458,-0.577426,0.485162,-0.013952,0.512466,-0.506990,-0.363292,0.958174,-0.118018,0.328107,30.271648,-15.529984,-1.869020,0.356534,1.519881,-0.235429,0.000000,0.000000,0.000000,0.000000,0.000000,0.000000
10408112.000000,-2.321481,-1.662354,1.197261,-1.436988,1.713894,1.231481,-0.577541,0.485368,-0.011896,0.509214,-0.502221,-0.355536,0.981021,-0.116903,-0.314593,30.196270,-15.284012,-1.742067,0.315336,1.546432,-0.241837,0.000000,0.000000,0.000000,0.000000,0.000000,0.000000
10408113.000000,-2.321005,-1.662368,1.197803,-1.437485,1.713551,1.232521,-0.577653,0.479738,-0.012794,0.517020,-0.497273,-0.350412,0.997864,-0.115373,-0.762896,30.224041,-15.085648,-1.670656,0.285123,1.584884,-0.268388,0.000000,0.000000,0.000000,0.000000,0.000000,0.000000
10408114.000000,-2.320525,-1.662373,1.198344,-1.437984,1.713205,1.233553,-0.577772,0.475058,-0.010918,0.523692,-0.500900,-0.349231,1.008222,-0.115266,-1.183428,30.148663,-14.839676,-1.420717,0.195402,1.702071,-0.261979,0.000000,0.000000,0.000000,0.000000,0.000000,0.000000
10408115.000000,-2.320039,-1.662376,1.198893,-1.438472,1.712865,1.234634,-0.577889,0.476587,-0.009231,0.531796,-0.493398,-0.347358,1.023298,-0.114469,-1.627764,30.049480,-14.669083,-1.273927,0.201810,1.670028,-0.281205,0.000000,0.000000,0.000000,0.000000,0.000000,0.000000
10408116.000000,-2.319569,-1.662377,1.199452,-1.438961,1.712524,1.235726,-0.578006,0.468544,-0.004455,0.542630,-0.489588,-0.345521,1.046681,-0.115615,-1.849932,29.930462,-14.474686,-1.099367,0.219205,1.597701,-0.248246,0.000000,0.000000,0.000000,0.000000,0.000000,0.000000
10408117.000000,-2.319087,-1.662372,1.200012,-1.439436,1.712189,1.236863,-0.578124,0.470746,-0.001871,0.548814,-0.482092,-0.340582,1.075472,-0.114854,-2.123675,29.708294,-14.300125,-1.127138,0.255826,1.442062,-0.248246,0.000000,0.000000,0.000000,0.000000,0.000000,0.000000
10408118.000000,-2.318617,-1.662369,1.200593,-1.439915,1.711846,1.238021,-0.578240,0.475355,-0.001326,0.563788,-0.478478,-0.337382,1.096391,-0.114433,-2.345843,29.537701,-14.153336,-1.075563,0.308927,1.272689,-0.274796,0.000000,0.000000,0.000000,0.000000,0.000000,0.000000
10408119.000000,-2.318146,-1.662367,1.201175,-1.440370,1.711510,1.239171,-0.578361,0.473267,-0.000407,0.567907,-0.475246,-0.339562,1.108633,-0.115499,-2.445025,29.343304,-13.859756,-1.198549,0.362943,1.194869,-0.235429,0.000000,0.000000,0.000000,0.000000,0.000000,0.000000
10408120.000000,-2.317672,-1.662366,1.201755,-1.440822,1.711188,1.240353,-0.578473,0.470910,-0.002669,0.574495,-0.463630,-0.330457,1.124225,-0.118944,-2.492632,29.144939,-13.443192,-1.396913,0.374845,1.019088,-0.261979,0.000000,0.000000,0.000000,0.000000,0.000000,0.000000
10408121.000000,-2.317204,-1.662363,1.202362,-1.441268,1.710859,1.241515,-0.578584,0.467152,-0.000299,0.581775,-0.468858,-0.331209,1.138537,-0.117196,-2.619586,28.898968,-13.149612,-1.472292,0.356534,0.928451,-0.274796,0.000000,0.000000,0.000000,0.000000,0.000000,0.000000
10408122.000000,-2.316730,-1.662360,1.202970,-1.441710,1.710539,1.242682,-0.578698,0.465967,0.001700,0.586080,-0.459063,-0.333659,1.146101,-0.117330,-2.790179,28.633160,-12.705276,-1.595277,0.297025,0.928451,-0.248246,0.000000,0.000000,0.000000,0.000000,0.000000,0.000000
10408123.000000,-2.316267,-1.662365,1.203575,-1.442156,1.710213,1.243852,-0.578808,0.475422,-0.000186,0.590620,-0.452826,-0.330483,1.150684,-0.115100,-2.817950,28.510174,-12.213333,-1.670656,0.291532,0.941268,-0.281205,0.000000,0.000000,0.000000,0.000000,0.000000,0.000000
10408124.000000,-2.315788,-1.662371,1.204193,-1.442583,1.709897,1.245012,-0.578927,0.472423,-0.002078,0.590810,-0.444099,-0.326771,1.160487,-0.111877,-2.988543,28.410992,-11.725357,-1.793642,0.255826,0.922042,-0.241837,0.000000,0.000000,0.000000,0.000000,0.000000,0.000000
10408125.000000,-2.315308,-1.662370,1.204815,-1.443011,1.709579,1.246201,-0.579041,0.468525,-0.001536,0.605252,-0.433823,-0.323781,1.170152,-0.112059,-3.210711,28.240398,-11.404007,-1.916628,0.201810,0.706893,-0.241837,0.000000,0.000000,0.000000,0.000000,0.000000,0.000000
10408126.000000,-2.314821,-1.662366,1.205459,-1.443429,1.709272,1.247358,-0.579149,0.472847,0.002447,0.614531,-0.428455,-0.310379,1.172126,-0.114196,-3.460650,28.046001,-11.185806,-2.138796,0.123990,0.641891,-0.281205,0.000000,0.000000,0.000000,0.000000,0.000000,0.000000
10408127.000000,-2.314341,-1.662364,1.206108,-1.443842,1.708961,1.248517,-0.579266,0.474443,0.005464,0.621526,-0.421693,-0.303202,1.162686,-0.116365,-3.659014,27.847637,-10.963638,-2.313356,0.105680,0.648299,-0.221696,0.000000,0.000000,0.000000,0.000000,0.000000,0.000000
10408128.000000,-2.313852,-1.662364,1.206752,-1.444250,1.708659,1.249678,-0.579376,0.475294,0.003293,0.632745,-0.413983,-0.304218,1.149815,-0.115725,-3.980364,27.700848,-10.670059,-2.436342,0.135892,0.662032,-0.229020,0.000000,0.000000,0.000000,0.000000,0.000000,0.000000
10408129.000000,-2.313373,-1.662355,1.207421,-1.444643,1.708344,1.250819,-0.579485,0.478246,0.007787,0.641192,-0.406127,-0.309373,1.147273,-0.114592,-4.250140,27.431072,-10.547073,-2.682314,0.171598,0.668441,-0.241837,0.000000,0.000000,0.000000,0.000000,0.000000,0.000000
10408130.000000,-2.312881,-1.662350,1.208100,-1.445039,1.708044,1.251970,-0.579594,0.479121,0.006578,0.656109,-0.402682,-0.306750,1.140127,-0.109219,-4.523882,27.212872,-10.570877,-2.805300,0.154203,0.700484,-0.248246,0.000000,0.000000,0.000000,0.000000,0.000000,0.000000
10408131.000000,-2.312392,-1.662338,1.208798,-1.445427,1.707747,1.253126,-0.579703,0.481612,0.006971,0.670725,-0.394716,-0.303747,1.139211,-0.110355,-4.845232,26.943096,-10.618484,-3.055238,0.105680,0.694076,-0.229020,0.000000,0.000000,0.000000,0.000000,0.000000,0.000000
10408132.000000,-2.311897,-1.662329,1.209502,-1.445812,1.707448,1.254260,-0.579808,0.480180,0.008438,0.679761,-0.390225,-0.299176,1.143437,-0.112260,-5.218157,26.748699,-10.646255,-3.102846,0.112089,0.706893,-0.215287,0.000000,0.000000,0.000000,0.000000,0.000000,0.000000
10408133.000000,-2.311394,-1.662326,1.210213,-1.446192,1.707156,1.255411,-0.579903,0.489471,0.004159,0.691679,-0.385263,-0.298043,1.140595,-0.110354,-5.638690,26.649517,-10.793045,-3.301210,0.058073,0.687667,-0.268388,0.000000,0.000000,0.000000,0.000000,0.000000,0.000000
10408134.000000,-2.310902,-1.662315,1.210937,-1.446573,1.706866,1.256529,-0.580011,0.486981,0.006069,0.703400,-0.380248,-0.292789,1.136190,-0.113747,-5.936236,26.478924,-10.888260,-3.325014,0.027860,0.804855,-0.202470,0.000000,0.000000,0.000000,0.000000,0.000000,0.000000
10408135.000000,-2.310395,-1.662303,1.211667,-1.446957,1.706581,1.257657,-0.580110,0.492952,0.006959,0.712022,-0.382272,-0.289974,1.127511,-0.106989,-6.404376,26.332134,-10.987442,-3.376589,0.010465,0.947677,-0.248246,0.000000,0.000000,0.000000,0.000000,0.000000,0.000000
10408136.000000,-2.309886,-1.662295,1.212407,-1.447338,1.706301,1.258805,-0.580211,0.503406,0.006013,0.722901,-0.380105,-0.286891,1.131147,-0.104351,-6.876482,26.256756,-10.963638,-3.424196,-0.031649,0.922042,-0.254655,0.000000,0.000000,0.000000,0.000000,0.000000,0.000000
10408137.000000,-2.309390,-1.662287,1.213153,-1.447705,1.706006,1.259939,-0.580320,0.499042,0.005386,0.727142,-0.377516,-0.291977,1.141050,-0.103437,-7.221636,26.185345,-10.816849,-3.523378,-0.007845,0.824081,-0.215287,0.000000,0.000000,0.000000,0.000000,0.000000,0.000000
10408138.000000,-2.308885,-1.662275,1.213902,-1.448080,1.705718,1.261076,-0.580417,0.497180,0.009416,0.734640,-0.377682,-0.290285,1.144103,-0.098871,-7.594561,26.062359,-10.741470,-3.499574,0.004056,0.804855,-0.261979,0.000000,0.000000,0.000000,0.000000,0.000000,0.000000
10408139.000000,-2.308386,-1.662267,1.214662,-1.448449,1.705428,1.262198,-0.580519,0.496782,0.008697,0.739940,-0.382989,-0.287977,1.147064,-0.100457,-7.991290,25.963177,-10.547073,-3.448000,0.004056,0.811263,-0.221696,0.000000,0.000000,0.000000,0.000000,0.000000,0.000000
10408140.000000,-2.307892,-1.662265,1.215426,-1.448818,1.705144,1.263324,-0.580619,0.493983,0.006429,0.747065,-0.378913,-0.291386,1.140664,-0.104073,-8.213458,25.939373,-10.225723,-3.424196,0.046171,0.922042,-0.215287,0.000000,0.000000,0.000000,0.000000,0.000000,0.000000
10408141.000000,-2.307393,-1.662261,1.216191,-1.449184,1.704852,1.264460,-0.580712,0.492858,0.004899,0.757050,-0.373048,-0.296575,1.132118,-0.099066,-8.435626,25.915569,-9.983719,-3.376589,0.117582,0.987045,-0.281205,0.000000,0.000000,0.000000,0.000000,0.000000,0.000000
10408142.000000,-2.306907,-1.662257,1.216978,-1.449533,1.704565,1.265583,-0.580816,0.488461,0.004514,0.769854,-0.364942,-0.295404,1.129006,-0.100304,-8.657794,25.863995,-9.809158,-3.499574,0.058073,1.039230,-0.221696,0.000000,0.000000,0.000000,0.000000,0.000000,0.000000
10408143.000000,-2.306419,-1.662251,1.217770,-1.449883,1.704290,1.266727,-0.580912,0.485474,0.004155,0.782123,-0.356275,-0.290128,1.128062,-0.097432,-8.856158,25.816387,-9.761551,-3.570986,-0.007845,0.999862,-0.254655,0.000000,0.000000,0.000000,0.000000,0.000000,0.000000
10408144.000000,-2.305946,-1.662247,1.218585,-1.450238,1.704017,1.267886,-0.581003,0.480211,0.003907,0.792465,-0.353022,-0.281219,1.127067,-0.091863,-8.879962,25.768780,-9.737747,-3.670168,-0.067355,0.869857,-0.281205,0.000000,0.000000,0.000000,0.000000,0.000000,0.000000
10408145.000000,-2.305470,-1.662247,1.219417,-1.450579,1.703745,1.269014,-0.581104,0.474229,0.005203,0.806786,-0.347530,-0.275937,1.126247,-0.094258,-8.879962,25.792583,-9.785355,-3.769350,-0.103060,0.850631,-0.235429,0.000000,0.000000,0.000000,0.000000,0.000000,0.000000
10408146.000000,-2.304999,-1.662251,1.220251,-1.450928,1.703466,1.270143,-0.581194,0.471337,0.002073,0.822028,-0.350856,-0.283448,1.123825,-0.093898,-8.856158,25.863995,-9.908340,-3.797121,-0.085665,0.966903,-0.254655,0.000000,0.000000,0.000000,0.000000,0.000000,0.000000
10408147.000000,-2.304535,-1.662248,1.221100,-1.451264,1.703186,1.271259,-0.581294,0.468846,0.000938,0.834912,-0.345677,-0.279254,1.124524,-0.095944,-8.832355,25.891766,-10.007523,-3.920107,-0.060946,1.052047,-0.202470,0.000000,0.000000,0.000000,0.000000,0.000000,0.000000
10408148.000000,-2.304066,-1.662253,1.221947,-1.451604,1.702909,1.272399,-0.581389,0.467123,-0.001447,0.827690,-0.345932,-0.275951,1.123574,-0.098897,-8.832355,25.986980,-10.130508,-3.991518,-0.043551,1.039230,-0.241837,0.000000,0.000000,0.000000,0.000000,0.000000,0.000000
10408149.000000,-2.303611,-1.662254,1.222818,-1.451941,1.702635,1.273546,-0.581483,0.468256,-0.001406,0.839130,-0.341173,-0.269244,1.123994,-0.096497,-8.808551,26.010784,-10.225723,-4.142274,-0.013339,0.980636,-0.261979,0.000000,0.000000,0.000000,0.000000,0.000000,0.000000
10408150.000000,-2.303157,-1.662256,1.223693,-1.452269,1.702356,1.274682,-0.581580,0.461541,-0.001500,0.844813,-0.336639,-0.274059,1.131408,-0.096110,-8.733172,26.038555,-10.154312,-4.213686,0.022367,0.882674,-0.261979,0.000000,0.000000,0.000000,0.000000,0.000000,0.000000
10408151.000000,-2.302701,-1.662258,1.224570,-1.452598,1.702082,1.275824,-0.581674,0.457992,-0.001492,0.857773,-0.332320,-0.275982,1.133224,-0.095601,-8.681598,26.062359,-10.130508,-4.289064,0.015958,0.850631,-0.274796,0.000000,0.000000,0.000000,0.000000,0.000000,0.000000
10408152.000000,-2.302260,-1.662256,1.225455,-1.452926,1.701810,1.276952,-0.581772,0.450052,-0.000389,0.860461,-0.329502,-0.271880,1.143359,-0.097109,-8.558612,26.038555,-9.932144,-4.241457,0.004056,0.869857,-0.229020,0.000000,0.000000,0.000000,0.000000,0.000000,0.000000
10408153.000000,-2.301813,-1.662265,1.226352,-1.453250,1.701548,1.278085,-0.581862,0.447949,-0.002450,0.873706,-0.329054,-0.270532,1.139752,-0.094687,-8.582416,26.133770,-9.860733,-4.241457,0.015958,0.941268,-0.274796,0.000000,0.000000,0.000000,0.000000,0.000000,0.000000
10408154.000000,-2.301371,-1.662267,1.227254,-1.453579,1.701286,1.279245,-0.581959,0.450873,-0.002812,0.881731,-0.328444,-0.264215,1.149551,-0.096132,-8.411822,26.185345,-9.662369,-4.241457,0.010465,0.798446,-0.254655,0.000000,0.000000,0.000000,0.000000,0.000000,0.000000
10408155.000000,-2.300949,-1.662272,1.228181,-1.453894,1.701015,1.280384,-0.582051,0.441712,-0.003525,0.893896,-0.320772,-0.263467,1.143057,-0.095505,-8.114276,26.256756,-9.491776,-4.289064,-0.007845,0.654708,-0.261979,0.000000,0.000000,0.000000,0.000000,0.000000,0.000000
10408156.000000,-2.300518,-1.662265,1.229103,-1.454207,1.700756,1.281530,-0.582141,0.438405,0.000543,0.906961,-0.318914,-0.262416,1.134813,-0.094480,-7.939715,26.133770,-9.344986,-4.412050,-0.043551,0.641891,-0.281205,0.000000,0.000000,0.000000,0.000000,0.000000,0.000000
10408157.000000,-2.300097,-1.662269,1.230048,-1.454512,1.700495,1.282662,-0.582241,0.435075,-0.000833,0.914181,-0.319838,-0.262755,1.130949,-0.097402,-7.792925,26.185345,-9.245804,-4.535036,-0.037142,0.641891,-0.202470,0.000000,0.000000,0.000000,0.000000,0.000000,0.000000
10408158.000000,-2.299671,-1.662273,1.231001,-1.454820,1.700231,1.283814,-0.582323,0.432370,-0.001660,0.925654,-0.317225,-0.269035,1.132323,-0.089873,-7.618365,26.232952,-9.099014,-4.610414,0.034269,0.635482,-0.254655,0.000000,0.000000,0.000000,0.000000,0.000000,0.000000
10408159.000000,-2.299241,-1.662273,1.231941,-1.455135,1.699973,1.284983,-0.582415,0.430797,-0.001100,0.934302,-0.314677,-0.264849,1.135387,-0.091722,-7.570757,26.232952,-8.876846,-4.685792,0.088285,0.524703,-0.235429,0.000000,0.000000,0.000000,0.000000,0.000000,0.000000
10408160.000000,-2.298807,-1.662271,1.232926,-1.455449,1.699716,1.286119,-0.582505,0.429526,-0.000172,0.945460,-0.316251,-0.263116,1.137330,-0.088806,-7.717547,26.209148,-8.952225,-4.634218,0.064481,0.589706,-0.208878,0.000000,0.000000,0.000000,0.000000,0.000000,0.000000
10408161.000000,-2.298372,-1.662266,1.233908,-1.455763,1.699472,1.287262,-0.582586,0.431945,0.001652,0.960706,-0.312774,-0.261449,1.133547,-0.087750,-7.864336,26.133770,-9.047440,-4.610414,0.010465,0.687667,-0.268388,0.000000,0.000000,0.000000,0.000000,0.000000,0.000000
10408162.000000,-2.297931,-1.662263,1.234912,-1.456083,1.699232,1.288409,-0.582676,0.444234,0.002218,0.972117,-0.315819,-0.255347,1.143647,-0.090269,-8.038898,26.086163,-9.122818,-4.511232,-0.037142,0.564071,-0.235429,0.000000,0.000000,0.000000,0.000000,0.000000,0.000000
10408163.000000,-2.297480,-1.662263,1.235934,-1.456395,1.698989,1.289572,-0.582762,0.445146,0.001481,0.985979,-0.313726,-0.248727,1.148802,-0.085604,-8.411822,26.086163,-9.222000,-4.439821,-0.031649,0.394698,-0.261979,0.000000,0.000000,0.000000,0.000000,0.000000,0.000000
10408164.000000,-2.297031,-1.662256,1.236946,-1.456717,1.698751,1.290714,-0.582846,0.448128,0.003309,0.997018,-0.316029,-0.248337,1.145638,-0.083247,-8.756976,25.986980,-9.344986,-4.312868,-0.025240,0.479842,-0.261979,0.000000,0.000000,0.000000,0.000000,0.000000,0.000000
10408165.000000,-2.296588,-1.662251,1.237992,-1.457029,1.698506,1.291822,-0.582932,0.445009,0.003877,1.008155,-0.313707,-0.247247,1.140116,-0.077859,-9.078326,25.915569,-9.563187,-4.241457,-0.025240,0.694076,-0.229020,0.000000,0.000000,0.000000,0.000000,0.000000,0.000000
10408166.000000,-2.296141,-1.662247,1.239019,-1.457336,1.698256,1.292944,-0.583008,0.441582,0.003792,1.004452,-0.313828,-0.250484,1.135359,-0.075124,-9.352069,25.863995,-9.590958,-4.213686,0.076383,0.836898,-0.281205,0.000000,0.000000,0.000000,0.000000,0.000000,0.000000
10408167.000000,-2.295704,-1.662247,1.240060,-1.457639,1.698016,1.294089,-0.583093,0.441641,0.002529,1.011219,-0.305592,-0.245913,1.137067,-0.076585,-9.550433,25.863995,-9.467972,-4.289064,0.117582,0.792037,-0.254655,0.000000,0.000000,0.000000,0.000000,0.000000,0.000000
10408168.000000,-2.295255,-1.662240,1.241128,-1.457929,1.697780,1.295210,-0.583178,0.437031,0.003914,1.024126,-0.301692,-0.241048,1.137174,-0.082433,-9.895587,25.768780,-9.467972,-4.412050,0.123990,0.706893,-0.221696,0.000000,0.000000,0.000000,0.000000,0.000000,0.000000
10408169.000000,-2.294805,-1.662233,1.242194,-1.458222,1.697556,1.296325,-0.583254,0.437769,0.004929,1.045697,-0.300656,-0.234692,1.121532,-0.083270,-10.193133,25.669598,-9.539383,-4.562807,0.052579,0.824081,-0.274796,0.000000,0.000000,0.000000,0.000000,0.000000,0.000000
10408170.000000,-2.294370,-1.662230,1.243290,-1.458508,1.697327,1.297432,-0.583335,0.432982,0.004400,1.053376,-0.296634,-0.233133,1.117901,-0.082361,-10.367694,25.621990,-9.709976,-4.757204,-0.055453,0.830489,-0.248246,0.000000,0.000000,0.000000,0.000000,0.000000,0.000000
10408171.000000,-2.293920,-1.662237,1.244370,-1.458796,1.697099,1.298578,-0.583413,0.433961,0.000057,1.063620,-0.290382,-0.231324,1.122744,-0.079865,-10.712848,25.744976,-9.686172,-4.832582,-0.067355,0.635482,-0.268388,0.000000,0.000000,0.000000,0.000000,0.000000,0.000000
10408172.000000,-2.293481,-1.662234,1.245489,-1.459081,1.696868,1.299717,-0.583493,0.438369,0.000688,1.081834,-0.285953,-0.231547,1.123993,-0.084475,-10.935016,25.717205,-9.832962,-5.030946,-0.031649,0.564071,-0.254655,0.000000,0.000000,0.000000,0.000000,0.000000,0.000000
10408173.000000,-2.293038,-1.662238,1.246641,-1.459358,1.696645,1.300817,-0.583567,0.437672,-0.000191,1.098967,-0.283493,-0.223159,1.118305,-0.082453,-11.256366,25.744976,-10.277298,-5.205507,-0.091158,0.674850,-0.248246,0.000000,0.000000,0.000000,0.000000,0.000000,0.000000
10408174.000000,-2.292599,-1.662243,1.247787,-1.459621,1.696439,1.301935,-0.583641,0.435325,-0.001798,1.114918,-0.271518,-0.220903,1.113279,-0.079695,-11.478534,25.816387,-10.646255,-5.526857,-0.187289,0.798446,-0.261979,0.000000,0.000000,0.000000,0.000000,0.000000,0.000000
10408175.000000,-2.292173,-1.662259,1.248933,-1.459885,1.696197,1.303048,-0.583722,0.433207,-0.006395,1.123112,-0.272117,-0.226716,1.114704,-0.080827,-11.553912,26.038555,-10.670059,-5.796632,-0.067355,0.792037,-0.229020,0.000000,0.000000,0.000000,0.000000,0.000000,0.000000
10408176.000000,-2.291744,-1.662281,1.250082,-1.460137,1.695969,1.304168,-0.583797,0.433106,-0.011688,1.123541,-0.262126,-0.231525,1.117569,-0.079018,-11.704669,26.355938,-10.594681,-6.193361,-0.025240,0.895492,-0.241837,0.000000,0.000000,0.000000,0.000000,0.000000,0.000000
10408177.000000,-2.291309,-1.662296,1.251236,-1.460389,1.695744,1.305265,-0.583871,0.434605,-0.011782,1.132884,-0.255380,-0.229862,1.115737,-0.076368,-11.875262,26.526531,-10.646255,-6.415529,-0.025240,1.175643,-0.287614,0.000000,0.000000,0.000000,0.000000,0.000000,0.000000
10408178.000000,-2.290882,-1.662306,1.252401,-1.460630,1.695532,1.306363,-0.583954,0.432790,-0.012402,1.141969,-0.252288,-0.221903,1.117007,-0.078066,-12.002215,26.720928,-10.670059,-6.713075,-0.085665,1.318465,-0.241837,0.000000,0.000000,0.000000,0.000000,0.000000,0.000000
10408179.000000,-2.290455,-1.662331,1.253533,-1.460876,1.695326,1.307500,-0.584029,0.429984,-0.013160,1.138286,-0.252437,-0.217126,1.129331,-0.076805,-12.002215,27.335857,-10.717667,-6.883668,-0.126864,1.155502,-0.261979,0.000000,0.000000,0.000000,0.000000,0.000000,0.000000
10408180.000000,-2.290035,-1.662353,1.254673,-1.461117,1.695121,1.308662,-0.584106,0.433026,-0.014793,1.128973,-0.247740,-0.209115,1.145100,-0.078006,-11.851459,28.165020,-11.062820,-7.006654,-0.150668,0.901900,-0.229020,0.000000,0.000000,0.000000,0.000000,0.000000,0.000000
10408181.000000,-2.289626,-1.662373,1.255815,-1.461348,1.694920,1.309784,-0.584180,0.420998,-0.016737,1.124026,-0.244334,-0.207010,1.137563,-0.075973,-11.506305,29.196514,-11.772964,-7.232790,-0.199191,0.934859,-0.248246,0.000000,0.000000,0.000000,0.000000,0.000000,0.000000
10408182.000000,-2.289216,-1.662392,1.256929,-1.461585,1.694724,1.310910,-0.584255,0.421214,-0.015991,1.122765,-0.240180,-0.201470,1.127886,-0.080835,-11.109576,30.319256,-12.681473,-7.379579,-0.234896,1.142684,-0.261979,0.000000,0.000000,0.000000,0.000000,0.000000,0.000000
10408183.000000,-2.288816,-1.662405,1.258054,-1.461808,1.694521,1.312039,-0.584337,0.413019,-0.018253,1.119338,-0.233686,-0.201104,1.123651,-0.082482,-10.665240,31.469769,-13.689163,-7.554140,-0.157076,1.214095,-0.182328,0.000000,0.000000,0.000000,0.000000,0.000000,0.000000
10408184.000000,-2.288423,-1.662418,1.259153,-1.462021,1.694319,1.313209,-0.584406,0.401849,-0.019036,1.115577,-0.229170,-0.198570,1.131367,-0.078543,-10.145526,32.596478,-14.498489,-7.847719,-0.013339,1.117049,-0.241837,0.000000,0.000000,0.000000,0.000000,0.000000,0.000000
10408185.000000,-2.288017,-1.662415,1.260292,-1.462243,1.694126,1.314378,-0.584478,0.404504,-0.012141,1.121501,-0.225400,-0.196710,1.133185,-0.072683,-9.820209,33.429607,-15.700577,-8.046083,0.015958,1.084090,-0.254655,0.000000,0.000000,0.000000,0.000000,0.000000,0.000000
10408186.000000,-2.287622,-1.662410,1.261447,-1.462460,1.693942,1.315508,-0.584554,0.404185,-0.008435,1.131398,-0.224135,-0.196557,1.131802,-0.070451,-9.526629,34.163555,-16.755875,-8.169069,-0.049044,1.259872,-0.215287,0.000000,0.000000,0.000000,0.000000,0.000000,0.000000
10408187.000000,-2.287230,-1.662406,1.262583,-1.462691,1.693742,1.316647,-0.584627,0.395829,-0.003691,1.140871,-0.228102,-0.202105,1.124285,-0.070608,-9.252887,34.798321,-17.711990,-8.046083,0.027860,1.442062,-0.241837,0.000000,0.000000,0.000000,0.000000,0.000000,0.000000
10408188.000000,-2.286841,-1.662409,1.263721,-1.462919,1.693531,1.317779,-0.584695,0.402376,-0.003559,1.134611,-0.233012,-0.201349,1.126653,-0.072326,-9.078326,35.437054,-18.398331,-7.970705,0.112089,1.500655,-0.254655,0.000000,0.000000,0.000000,0.000000,0.000000,0.000000
10408189.000000,-2.286453,-1.662407,1.264867,-1.463147,1.693335,1.318927,-0.584764,0.396793,0.000154,1.161098,-0.229042,-0.201824,1.133562,-0.072650,-8.808551,35.901226,-19.136246,-7.946901,0.123990,1.539108,-0.274796,0.000000,0.000000,0.000000,0.000000,0.000000,0.000000
10408190.000000,-2.286071,-1.662411,1.266042,-1.463381,1.693141,1.320060,-0.584835,0.396463,-0.000160,1.170429,-0.231614,-0.197738,1.129630,-0.070136,-8.534808,36.341595,-19.945572,-7.800111,0.105680,1.676437,-0.248246,0.000000,0.000000,0.000000,0.000000,0.000000,0.000000
10408191.000000,-2.285713,-1.662413,1.267216,-1.463594,1.692950,1.321168,-0.584902,0.386804,0.000957,1.162020,-0.227976,-0.193540,1.123649,-0.071582,-8.138080,36.710552,-20.512894,-7.899293,0.058073,1.812850,-0.254655,0.000000,0.000000,0.000000,0.000000,0.000000,0.000000
10408192.000000,-2.285364,-1.662425,1.268369,-1.463814,1.692754,1.322306,-0.584967,0.377712,-0.006604,1.161044,-0.224653,-0.194177,1.129291,-0.066885,-7.642169,37.150921,-20.854080,-7.998476,0.105680,1.735030,-0.281205,0.000000,0.000000,0.000000,0.000000,0.000000,0.000000
10408193.000000,-2.285026,-1.662449,1.269556,-1.464021,1.692552,1.323428,-0.585043,0.374701,-0.011032,1.163148,-0.221320,-0.198681,1.137748,-0.072030,-7.051043,37.662701,-21.346024,-8.244448,0.147794,1.695663,-0.202470,0.000000,0.000000,0.000000,0.000000,0.000000,0.000000
10408194.000000,-2.284694,-1.662475,1.270763,-1.464231,1.692362,1.324538,-0.585104,0.360142,-0.016330,1.176938,-0.219828,-0.200589,1.129421,-0.070797,-6.455950,38.130840,-21.960953,-8.391237,0.058073,1.819259,-0.254655,0.000000,0.000000,0.000000,0.000000,0.000000,0.000000
10408195.000000,-2.284368,-1.662507,1.271966,-1.464447,1.692173,1.325642,-0.585175,0.346761,-0.020821,1.187362,-0.221527,-0.192223,1.111729,-0.068842,-5.837054,38.618816,-22.671097,-8.419008,0.040677,1.955673,-0.215287,0.000000,0.000000,0.000000,0.000000,0.000000,0.000000
10408196.000000,-2.284059,-1.662547,1.273186,-1.464665,1.691974,1.326740,-0.585245,0.329955,-0.025391,1.196082,-0.219529,-0.193541,1.100107,-0.071184,-5.241961,39.158367,-23.286026,-8.442812,0.100187,1.903487,-0.196061,0.000000,0.000000,0.000000,0.000000,0.000000,0.000000
10408197.000000,-2.283747,-1.662587,1.274396,-1.464886,1.691780,1.327860,-0.585307,0.320982,-0.028066,1.202242,-0.216923,-0.194199,1.102362,-0.070400,-4.646868,39.670147,-23.948563,-8.367434,0.154203,1.773483,-0.241837,0.000000,0.000000,0.000000,0.000000,0.000000,0.000000
10408198.000000,-2.283444,-1.662624,1.275627,-1.465102,1.691587,1.328970,-0.585376,0.319042,-0.034053,1.206295,-0.214534,-0.192959,1.102832,-0.073273,-4.004168,40.086712,-24.706314,-8.319826,0.171598,1.773483,-0.188737,0.000000,0.000000,0.000000,0.000000,0.000000,0.000000
10408199.000000,-2.283138,-1.662666,1.276861,-1.465327,1.691393,1.330053,-0.585433,0.314943,-0.036751,1.208809,-0.219405,-0.192938,1.099339,-0.066742,-3.583636,40.550884,-25.249832,-8.097658,0.201810,1.884261,-0.248246,0.000000,0.000000,0.000000,0.000000,0.000000,0.000000
10408200.000000,-2.282846,-1.662706,1.278063,-1.465559,1.691193,1.331145,-0.585496,0.308912,-0.038274,1.213227,-0.222173,-0.193050,1.091077,-0.063690,-3.063921,40.991253,-25.491837,-7.875490,0.243009,1.981307,-0.268388,0.000000,0.000000,0.000000,0.000000,0.000000,0.000000
10408201.000000,-2.282555,-1.662756,1.279276,-1.465790,1.690978,1.332213,-0.585564,0.301299,-0.041803,1.214323,-0.225007,-0.200602,1.091928,-0.064544,-2.690997,41.530804,-25.614822,-7.625551,0.362943,2.072860,-0.202470,0.000000,0.000000,0.000000,0.000000,0.000000,0.000000
10408202.000000,-2.282261,-1.662796,1.280464,-1.466034,1.690780,1.333306,-0.585618,0.298280,-0.040740,1.185551,-0.229778,-0.202495,1.097769,-0.059991,-2.345843,41.923565,-25.591019,-7.256593,0.381254,2.137862,-0.268388,0.000000,0.000000,0.000000,0.000000,0.000000,0.000000
10408203.000000,-2.281969,-1.662833,1.281684,-1.466286,1.690587,1.334402,-0.585685,0.301854,-0.037930,1.192674,-0.239804,-0.197492,1.100980,-0.060726,-2.048296,42.217144,-25.690201,-6.859865,0.351041,2.104903,-0.229020,0.000000,0.000000,0.000000,0.000000,0.000000,0.000000
10408204.000000,-2.281679,-1.662865,1.282898,-1.466541,1.690386,1.335489,-0.585745,0.296481,-0.036812,1.198923,-0.244626,-0.196636,1.103984,-0.060255,-1.778521,42.411541,-25.666397,-6.439332,0.393156,2.039901,-0.215287,0.000000,0.000000,0.000000,0.000000,0.000000,0.000000
10408205.000000,-2.281390,-1.662899,1.284090,-1.466805,1.690191,1.336596,-0.585800,0.293223,-0.035318,1.198013,-0.248559,-0.194957,1.099667,-0.052324,-1.580157,42.558331,-25.614822,-5.971193,0.410551,1.871444,-0.274796,0.000000,0.000000,0.000000,0.000000,0.000000,0.000000
10408206.000000,-2.281122,-1.662925,1.285311,-1.467059,1.689990,1.337699,-0.585865,0.281366,-0.032442,1.196968,-0.251889,-0.198363,1.106395,-0.051611,-1.231036,42.609905,-25.789383,-5.626039,0.428861,1.708480,-0.215287,0.000000,0.000000,0.000000,0.000000,0.000000,0.000000
10408207.000000,-2.280848,-1.662955,1.286510,-1.467327,1.689788,1.338798,-0.585919,0.280295,-0.030590,1.220055,-0.257748,-0.200800,1.098837,-0.051261,-0.909686,42.657513,-25.884598,-5.276918,0.476469,1.747848,-0.254655,0.000000,0.000000,0.000000,0.000000,0.000000,0.000000
10408208.000000,-2.280576,-1.662978,1.287735,-1.467586,1.689588,1.339904,-0.585975,0.283867,-0.026664,1.224939,-0.255213,-0.198589,1.096759,-0.052477,-0.588336,42.582134,-26.130569,-5.078554,0.506681,1.806442,-0.261979,0.000000,0.000000,0.000000,0.000000,0.000000,0.000000
10408209.000000,-2.280314,-1.663010,1.288953,-1.467837,1.689392,1.341002,-0.586027,0.275516,-0.024610,1.227627,-0.252842,-0.201401,1.097465,-0.052660,-0.290789,42.657513,-26.277359,-4.931764,0.530485,1.844894,-0.287614,0.000000,0.000000,0.000000,0.000000,0.000000,0.000000
10408210.000000,-2.280048,-1.663038,1.290156,-1.468108,1.689197,1.342109,-0.586089,0.270579,-0.024378,1.219680,-0.258557,-0.201116,1.103792,-0.055456,0.006757,42.657513,-26.475723,-4.709596,0.613798,1.897079,-0.235429,0.000000,0.000000,0.000000,0.000000,0.000000,0.000000
10408211.000000,-2.279780,-1.663068,1.291371,-1.468376,1.689011,1.343224,-0.586145,0.271434,-0.021720,1.212937,-0.266497,-0.196836,1.104236,-0.051848,0.129743,42.681316,-26.697891,-4.562807,0.601896,1.981307,-0.221696,0.000000,0.000000,0.000000,0.000000,0.000000,0.000000
10408212.000000,-2.279507,-1.663095,1.292576,-1.468650,1.688823,1.344314,-0.586198,0.270136,-0.021796,1.210804,-0.269739,-0.199775,1.108916,-0.051253,0.129743,42.657513,-26.697891,-4.213686,0.613798,2.104903,-0.274796,0.000000,0.000000,0.000000,0.000000,0.000000,0.000000
10408213.000000,-2.279230,-1.663125,1.293752,-1.468932,1.688634,1.345422,-0.586259,0.272518,-0.023701,1.207310,-0.271544,-0.197774,1.106420,-0.054606,0.153547,42.705120,-26.646317,-3.844728,0.637601,2.202865,-0.221696,0.000000,0.000000,0.000000,0.000000,0.000000,0.000000
10408214.000000,-2.278950,-1.663144,1.294940,-1.469209,1.688445,1.346519,-0.586308,0.275558,-0.021604,1.199898,-0.271614,-0.195606,1.104076,-0.052625,0.030561,42.609905,-26.523331,-3.547182,0.649503,2.157089,-0.294938,0.000000,0.000000,0.000000,0.000000,0.000000,0.000000
10408215.000000,-2.278671,-1.663163,1.296124,-1.469489,1.688268,1.347643,-0.586372,0.273946,-0.020405,1.197260,-0.271972,-0.189086,1.103926,-0.056245,-0.044818,42.510723,-26.574905,-3.225832,0.649503,2.047225,-0.235429,0.000000,0.000000,0.000000,0.000000,0.000000,0.000000
10408216.000000,-2.278393,-1.663181,1.297329,-1.469764,1.688094,1.348760,-0.586430,0.279335,-0.019569,1.211973,-0.276121,-0.182616,1.102156,-0.057776,-0.116229,42.411541,-26.721695,-3.027467,0.613798,1.974899,-0.202470,0.000000,0.000000,0.000000,0.000000,0.000000,0.000000
10408217.000000,-2.278124,-1.663204,1.298538,-1.470036,1.687919,1.349858,-0.586471,0.278018,-0.017063,1.204375,-0.278206,-0.178824,1.104134,-0.053421,-0.167803,42.363934,-27.015274,-2.880678,0.596403,2.039901,-0.307755,0.000000,0.000000,0.000000,0.000000,0.000000,0.000000
10408218.000000,-2.277863,-1.663222,1.299740,-1.470304,1.687748,1.350950,-0.586535,0.271540,-0.017584,1.208887,-0.272426,-0.177785,1.095872,-0.057316,-0.144000,42.288555,-27.384232,-2.757692,0.625699,2.228500,-0.235429,0.000000,0.000000,0.000000,0.000000,0.000000,0.000000
10408219.000000,-2.277612,-1.663237,1.300958,-1.470559,1.687570,1.352029,-0.586583,0.268212,-0.014932,1.206172,-0.269170,-0.176813,1.097155,-0.056090,0.054365,42.217144,-27.800797,-2.757692,0.661405,2.378646,-0.261979,0.000000,0.000000,0.000000,0.000000,0.000000,0.000000
10408220.000000,-2.277356,-1.663254,1.302169,-1.470815,1.687397,1.353137,-0.586634,0.264770,-0.016009,1.190528,-0.260313,-0.175081,1.099797,-0.055893,0.205121,42.141766,-28.387955,-2.781496,0.661405,2.372237,-0.274796,0.000000,0.000000,0.000000,0.000000,0.000000,0.000000
10408221.000000,-2.277098,-1.663271,1.303380,-1.471073,1.687225,1.354235,-0.586691,0.262920,-0.017539,1.188178,-0.258152,-0.173422,1.102614,-0.058203,0.328107,42.094158,-28.733109,-2.757692,0.655912,2.423507,-0.229020,0.000000,0.000000,0.000000,0.000000,0.000000,0.000000
10408222.000000,-2.276837,-1.663290,1.304586,-1.471320,1.687051,1.355320,-0.586737,0.262997,-0.019693,1.183209,-0.253425,-0.169216,1.106010,-0.056492,0.304304,42.094158,-28.903702,-2.733888,0.698026,2.469283,-0.261979,0.000000,0.000000,0.000000,0.000000,0.000000,0.000000
10408223.000000,-2.276578,-1.663316,1.305759,-1.471579,1.686883,1.356413,-0.586792,0.260765,-0.023676,1.185490,-0.251854,-0.166530,1.101649,-0.057864,0.304304,42.193340,-28.856094,-2.606935,0.751127,2.437240,-0.235429,0.000000,0.000000,0.000000,0.000000,0.000000,0.000000
10408224.000000,-2.276316,-1.663340,1.306929,-1.471834,1.686717,1.357505,-0.586845,0.263036,-0.023004,1.172290,-0.250948,-0.166836,1.097776,-0.053664,0.252729,42.288555,-28.562515,-2.436342,0.751127,2.345687,-0.221696,0.000000,0.000000,0.000000,0.000000,0.000000,0.000000
10408225.000000,-2.276062,-1.663364,1.308091,-1.472083,1.686557,1.358607,-0.586893,0.260056,-0.021962,1.169362,-0.250141,-0.170868,1.094348,-0.053869,0.228925,42.363934,-28.292740,-2.313356,0.739225,2.261459,-0.235429,0.000000,0.000000,0.000000,0.000000,0.000000,0.000000
10408226.000000,-2.275805,-1.663384,1.309246,-1.472324,1.686404,1.359709,-0.586943,0.261485,-0.023086,1.162195,-0.249112,-0.162951,1.090284,-0.055376,0.252729,42.387737,-27.725418,-2.337160,0.661405,2.293502,-0.229020,0.000000,0.000000,0.000000,0.000000,0.000000,0.000000
10408227.000000,-2.275550,-1.663408,1.310417,-1.472558,1.686237,1.360807,-0.586986,0.258288,-0.022678,1.167829,-0.245515,-0.164211,1.093120,-0.054436,0.276533,42.486919,-27.384232,-2.360964,0.644010,2.196456,-0.268388,0.000000,0.000000,0.000000,0.000000,0.000000,0.000000
10408228.000000,-2.275303,-1.663428,1.311551,-1.472789,1.686072,1.361927,-0.587036,0.254087,-0.023431,1.156525,-0.238162,-0.162158,1.099237,-0.055527,0.375715,42.510723,-26.939896,-2.436342,0.673307,2.079269,-0.254655,0.000000,0.000000,0.000000,0.000000,0.000000,0.000000
10408229.000000,-2.275060,-1.663447,1.312702,-1.473013,1.685914,1.363023,-0.587083,0.250507,-0.020904,1.147184,-0.232221,-0.158546,1.098333,-0.055731,0.526471,42.534527,-26.598709,-2.559328,0.655912,2.098495,-0.261979,0.000000,0.000000,0.000000,0.000000,0.000000,0.000000
10408230.000000,-2.274814,-1.663458,1.313857,-1.473235,1.685755,1.364125,-0.587128,0.247133,-0.016143,1.149449,-0.228086,-0.157952,1.100871,-0.051543,0.526471,42.435345,-26.400345,-2.682314,0.685209,2.169906,-0.254655,0.000000,0.000000,0.000000,0.000000,0.000000,0.000000
10408231.000000,-2.274580,-1.663472,1.314993,-1.473451,1.685600,1.365248,-0.587175,0.242082,-0.014320,1.145115,-0.221149,-0.156604,1.106192,-0.052823,0.673261,42.387737,-26.253555,-2.833071,0.698026,2.131454,-0.254655,0.000000,0.000000,0.000000,0.000000,0.000000,0.000000
10408232.000000,-2.274346,-1.663479,1.316151,-1.473656,1.685447,1.366366,-0.587217,0.240761,-0.011036,1.150110,-0.217029,-0.154590,1.118052,-0.048360,0.796247,42.264751,-26.328934,-2.956056,0.691617,1.923629,-0.274796,0.000000,0.000000,0.000000,0.000000,0.000000,0.000000
10408233.000000,-2.274102,-1.663485,1.317289,-1.473863,1.685313,1.367503,-0.587268,0.239882,-0.008884,1.147494,-0.215009,-0.149464,1.130339,-0.047920,0.824018,42.141766,-26.376541,-3.027467,0.578092,1.735030,-0.215287,0.000000,0.000000,0.000000,0.000000,0.000000,0.000000
10408234.000000,-2.273866,-1.663491,1.318429,-1.474070,1.685160,1.368621,-0.587309,0.234909,-0.008064,1.151679,-0.211510,-0.155229,1.119435,-0.043553,0.871625,42.046551,-26.328934,-3.055238,0.589994,1.721298,-0.261979,0.000000,0.000000,0.000000,0.000000,0.000000,0.000000
10408235.000000,-2.273631,-1.663502,1.319568,-1.474261,1.685006,1.369715,-0.587357,0.235986,-0.008998,1.142098,-0.203844,-0.155843,1.105150,-0.043373,0.895429,42.022747,-26.205948,-3.154421,0.625699,1.865035,-0.229020,0.000000,0.000000,0.000000,0.000000,0.000000,0.000000
10408236.000000,-2.273391,-1.663508,1.320679,-1.474452,1.684862,1.370823,-0.587402,0.234979,-0.005356,1.139891,-0.196907,-0.149490,1.095254,-0.046300,0.847822,41.947369,-25.959976,-3.154421,0.613798,1.955673,-0.241837,0.000000,0.000000,0.000000,0.000000,0.000000,0.000000
10408237.000000,-2.273158,-1.663511,1.321801,-1.474636,1.684715,1.371927,-0.587444,0.238017,-0.002091,1.134032,-0.197119,-0.145745,1.101294,-0.043218,0.847822,41.848186,-25.690201,-3.202028,0.637601,1.988631,-0.268388,0.000000,0.000000,0.000000,0.000000,0.000000,0.000000
10408238.000000,-2.272925,-1.663512,1.322923,-1.474819,1.684575,1.373061,-0.587495,0.237516,-0.001748,1.149727,-0.193602,-0.142176,1.108782,-0.048116,0.847822,41.701397,-25.690201,-3.277406,0.632108,1.812850,-0.229020,0.000000,0.000000,0.000000,0.000000,0.000000,0.000000
10408239.000000,-2.272696,-1.663507,1.324065,-1.474998,1.684443,1.374190,-0.587532,0.238861,0.000025,1.145501,-0.188519,-0.136043,1.113955,-0.048059,0.871625,41.483196,-25.789383,-3.325014,0.535978,1.747848,-0.287614,0.000000,0.000000,0.000000,0.000000,0.000000,0.000000
10408240.000000,-2.272460,-1.663507,1.325221,-1.475182,1.684300,1.375290,-0.587577,0.238442,-0.000512,1.149784,-0.189131,-0.140736,1.108630,-0.046055,0.847822,41.336407,-26.007584,-3.178224,0.554288,1.800033,-0.281205,0.000000,0.000000,0.000000,0.000000,0.000000,0.000000
10408241.000000,-2.272231,-1.663511,1.326354,-1.475354,1.684158,1.376400,-0.587626,0.231759,-0.002632,1.145609,-0.183419,-0.139855,1.112256,-0.045963,0.895429,41.261028,-26.229752,-3.126650,0.584501,1.858627,-0.229020,0.000000,0.000000,0.000000,0.000000,0.000000,0.000000
10408242.000000,-2.272005,-1.663512,1.327509,-1.475526,1.684015,1.377502,-0.587665,0.234443,-0.002856,1.145573,-0.184610,-0.142607,1.113899,-0.042612,0.895429,41.138042,-26.598709,-3.079042,0.589994,1.877853,-0.261979,0.000000,0.000000,0.000000,0.000000,0.000000,0.000000
10408243.000000,-2.271787,-1.663508,1.328673,-1.475695,1.683871,1.378608,-0.587711,0.226158,-0.002008,1.171673,-0.178006,-0.148716,1.114685,-0.043430,1.022382,40.967449,-27.015274,-3.126650,0.596403,1.909896,-0.208878,0.000000,0.000000,0.000000,0.000000,0.000000,0.000000
10408244.000000,-2.271567,-1.663504,1.329804,-1.475860,1.683730,1.379722,-0.587751,0.223846,0.001123,1.166067,-0.170957,-0.147976,1.111538,-0.041226,1.121564,40.820660,-27.209671,-3.126650,0.566190,1.909896,-0.229020,0.000000,0.000000,0.000000,0.000000,0.000000,0.000000
10408245.000000,-2.271352,-1.663506,1.330946,-1.476018,1.683578,1.380810,-0.587788,0.222620,-0.001039,1.158076,-0.168312,-0.145852,1.099010,-0.039760,1.169172,40.725445,-27.185867,-3.154421,0.613798,1.962081,-0.248246,0.000000,0.000000,0.000000,0.000000,0.000000,0.000000
10408246.000000,-2.271141,-1.663508,1.332057,-1.476178,1.683427,1.381904,-0.587830,0.220214,-0.000307,1.147812,-0.167177,-0.145419,1.093998,-0.040074,1.315961,40.673870,-26.967667,-3.126650,0.698026,2.125045,-0.221696,0.000000,0.000000,0.000000,0.000000,0.000000,0.000000
10408247.000000,-2.270924,-1.663508,1.333177,-1.476340,1.683286,1.383003,-0.587859,0.221932,0.000294,1.135993,-0.164322,-0.141018,1.087090,-0.036581,1.343732,40.626263,-26.697891,-3.079042,0.679716,2.274276,-0.307755,0.000000,0.000000,0.000000,0.000000,0.000000,0.000000
10408248.000000,-2.270702,-1.663503,1.334313,-1.476511,1.683148,1.384096,-0.587903,0.222285,0.002611,1.133903,-0.165916,-0.141605,1.094889,-0.038891,1.343732,40.503277,-26.547134,-2.856874,0.632108,2.313644,-0.261979,0.000000,0.000000,0.000000,0.000000,0.000000,0.000000
10408249.000000,-2.270489,-1.663506,1.335408,-1.476676,1.683011,1.385217,-0.587941,0.219843,0.000838,1.119871,-0.161002,-0.138082,1.099912,-0.038840,1.367536,40.527081,-26.082962,-2.733888,0.601896,2.104903,-0.261979,0.000000,0.000000,0.000000,0.000000,0.000000,0.000000
10408250.000000,-2.270275,-1.663495,1.336531,-1.476835,1.682879,1.386328,-0.587979,0.217953,0.002619,1.120794,-0.160894,-0.134718,1.110292,-0.038900,1.343732,40.427898,-25.860794,-2.606935,0.559781,1.865035,-0.268388,0.000000,0.000000,0.000000,0.000000,0.000000,0.000000
10408251.000000,-2.270058,-1.663489,1.337629,-1.476990,1.682751,1.387440,-0.588020,0.218375,0.003222,1.116856,-0.156226,-0.132093,1.109497,-0.035030,1.268354,40.356487,-25.591019,-2.535524,0.500272,1.819259,-0.241837,0.000000,0.000000,0.000000,0.000000,0.000000,0.000000
10408252.000000,-2.269854,-1.663483,1.338748,-1.477147,1.682612,1.388541,-0.588054,0.215754,0.003765,1.120249,-0.156093,-0.132856,1.112132,-0.035282,1.367536,40.281109,-25.420425,-2.460146,0.512174,1.897079,-0.254655,0.000000,0.000000,0.000000,0.000000,0.000000,0.000000
10408253.000000,-2.269653,-1.663479,1.339863,-1.477291,1.682466,1.389629,-0.588091,0.213729,0.003514,1.116863,-0.151936,-0.136076,1.112839,-0.035575,1.391340,40.233501,-25.198257,-2.559328,0.601896,1.936446,-0.254655,0.000000,0.000000,0.000000,0.000000,0.000000,0.000000
10408254.000000,-2.269456,-1.663476,1.340962,-1.477435,1.682326,1.390727,-0.588126,0.207347,0.003374,1.118278,-0.145116,-0.136515,1.103646,-0.036500,1.542096,40.185894,-25.075272,-2.682314,0.649503,1.974899,-0.248246,0.000000,0.000000,0.000000,0.000000,0.000000,0.000000
10408255.000000,-2.269253,-1.663462,1.342089,-1.477571,1.682195,1.391829,-0.588157,0.205082,0.006828,1.112721,-0.140566,-0.134964,1.103944,-0.035827,1.589704,39.987530,-25.150650,-2.805300,0.649503,1.865035,-0.274796,0.000000,0.000000,0.000000,0.000000,0.000000,0.000000
10408256.000000,-2.269037,-1.663452,1.343185,-1.477703,1.682074,1.392940,-0.588193,0.208940,0.007290,1.110251,-0.136837,-0.135067,1.103460,-0.037106,1.391340,39.868511,-25.126846,-2.956056,0.571683,1.779891,-0.254655,0.000000,0.000000,0.000000,0.000000,0.000000,0.000000
10408257.000000,-2.268830,-1.663442,1.344294,-1.477845,1.681943,1.394064,-0.588227,0.210338,0.007145,1.113285,-0.139608,-0.134793,1.108606,-0.037442,1.292158,39.769329,-25.075272,-2.880678,0.578092,1.727706,-0.254655,0.000000,0.000000,0.000000,0.000000,0.000000,0.000000
10408258.000000,-2.268621,-1.663437,1.345393,-1.477980,1.681809,1.395159,-0.588263,0.207093,0.005294,1.103001,-0.138841,-0.131178,1.105358,-0.038238,1.145368,39.745525,-24.829300,-2.904482,0.625699,1.754256,-0.235429,0.000000,0.000000,0.000000,0.000000,0.000000,0.000000
10408259.000000,-2.268414,-1.663434,1.346477,-1.478119,1.681688,1.396259,-0.588289,0.207969,0.003510,1.101879,-0.139140,-0.124719,1.099856,-0.036569,1.022382,39.745525,-24.658707,-2.880678,0.571683,1.851302,-0.274796,0.000000,0.000000,0.000000,0.000000,0.000000,0.000000
10408260.000000,-2.268205,-1.663422,1.347570,-1.478246,1.681568,1.397365,-0.588322,0.209518,0.005759,1.094283,-0.137609,-0.123743,1.122890,-0.037525,0.871625,39.598736,-24.464310,-2.904482,0.500272,1.793624,-0.268388,0.000000,0.000000,0.000000,0.000000,0.000000,0.000000
10408261.000000,-2.268000,-1.663408,1.348680,-1.478364,1.681441,1.398491,-0.588361,0.207774,0.010288,1.093066,-0.131856,-0.126439,1.127332,-0.039779,0.772443,39.451946,-24.388931,-3.027467,0.512174,1.649886,-0.215287,0.000000,0.000000,0.000000,0.000000,0.000000,0.000000
10408262.000000,-2.267791,-1.663399,1.349773,-1.478488,1.681320,1.399617,-0.588392,0.207377,0.008866,1.095453,-0.127940,-0.120721,1.126341,-0.033808,0.673261,39.376568,-24.388931,-3.003664,0.440763,1.584884,-0.235429,0.000000,0.000000,0.000000,0.000000,0.000000,0.000000
10408263.000000,-2.267590,-1.663394,1.350883,-1.478597,1.681187,1.400715,-0.588422,0.202831,0.006650,1.101762,-0.121989,-0.121492,1.124050,-0.029933,0.625654,39.352764,-24.535721,-3.102846,0.512174,1.584884,-0.241837,0.000000,0.000000,0.000000,0.000000,0.000000,0.000000
10408264.000000,-2.267385,-1.663385,1.351985,-1.478703,1.681062,1.401805,-0.588454,0.200613,0.008970,1.107565,-0.117619,-0.121475,1.113278,-0.032915,0.526471,39.305157,-24.658707,-3.202028,0.566190,1.858627,-0.215287,0.000000,0.000000,0.000000,0.000000,0.000000,0.000000
10408265.000000,-2.267185,-1.663377,1.353114,-1.478818,1.680939,1.402897,-0.588476,0.203512,0.010733,1.113061,-0.116939,-0.125000,1.094979,-0.031525,0.427289,39.253582,-25.051468,-3.202028,0.596403,2.060043,-0.281205,0.000000,0.000000,0.000000,0.000000,0.000000,0.000000
10408266.000000,-2.266982,-1.663370,1.354244,-1.478927,1.680818,1.403992,-0.588512,0.201853,0.007702,1.117083,-0.115685,-0.121036,1.088614,-0.029947,0.276533,39.253582,-25.420425,-3.225832,0.578092,2.079269,-0.241837,0.000000,0.000000,0.000000,0.000000,0.000000,0.000000
10408267.000000,-2.266780,-1.663358,1.355363,-1.479030,1.680707,1.405107,-0.588540,0.200509,0.007215,1.125025,-0.111359,-0.121705,1.087224,-0.031379,0.177350,39.182171,-25.737808,-3.249635,0.524076,1.955673,-0.254655,0.000000,0.000000,0.000000,0.000000,0.000000,0.000000
10408268.000000,-2.266576,-1.663353,1.356485,-1.479136,1.680594,1.406196,-0.588566,0.197679,0.007734,1.124343,-0.107398,-0.117294,1.090237,-0.031869,-0.017047,39.205975,-25.912369,-3.178224,0.464567,1.897079,-0.287614,0.000000,0.000000,0.000000,0.000000,0.000000,0.000000
10408269.000000,-2.266373,-1.663348,1.357581,-1.479236,1.680477,1.407287,-0.588601,0.194912,0.007703,1.117075,-0.105705,-0.116947,1.084259,-0.035572,-0.191607,39.253582,-25.936172,-3.178224,0.476469,1.909896,-0.229020,0.000000,0.000000,0.000000,0.000000,0.000000,0.000000
10408270.000000,-2.266173,-1.663349,1.358683,-1.479342,1.680355,1.408371,-0.588626,0.194970,0.006066,1.118179,-0.104190,-0.117191,1.079776,-0.030112,-0.342364,39.376568,-25.789383,-3.055238,0.506681,2.053634,-0.261979,0.000000,0.000000,0.000000,0.000000,0.000000,0.000000
10408271.000000,-2.265969,-1.663349,1.359780,-1.479439,1.680226,1.409443,-0.588654,0.196224,0.001908,1.106447,-0.101072,-0.118296,1.085498,-0.027882,-0.489153,39.499554,-25.396622,-3.003664,0.559781,2.085677,-0.248246,0.000000,0.000000,0.000000,0.000000,0.000000,0.000000
10408272.000000,-2.265763,-1.663342,1.360862,-1.479534,1.680100,1.410532,-0.588684,0.200675,0.004808,1.103740,-0.097881,-0.123298,1.091698,-0.026601,-0.663714,39.499554,-25.051468,-2.979860,0.608304,2.014266,-0.221696,0.000000,0.000000,0.000000,0.000000,0.000000,0.000000
10408273.000000,-2.265573,-1.663335,1.361960,-1.479626,1.679974,1.411614,-0.588702,0.198999,0.007037,1.100608,-0.097135,-0.119956,1.091045,-0.022178,-0.687518,39.499554,-24.757889,-3.027467,0.596403,1.903487,-0.287614,0.000000,0.000000,0.000000,0.000000,0.000000,0.000000
10408274.000000,-2.265383,-1.663333,1.363051,-1.479717,1.679860,1.412716,-0.588730,0.192595,0.004897,1.105961,-0.094144,-0.116857,1.092461,-0.022742,-0.711321,39.523357,-24.611099,-3.055238,0.559781,1.721298,-0.254655,0.000000,0.000000,0.000000,0.000000,0.000000,0.000000
10408275.000000,-2.265195,-1.663322,1.364141,-1.479801,1.679742,1.413812,-0.588757,0.194358,0.005507,1.107775,-0.090109,-0.115467,1.089747,-0.021477,-0.762896,39.451946,-24.341324,-3.154421,0.547880,1.689254,-0.261979,0.000000,0.000000,0.000000,0.000000,0.000000,0.000000
10408276.000000,-2.265012,-1.663321,1.365239,-1.479893,1.679624,1.414892,-0.588775,0.188393,0.006141,1.105696,-0.091060,-0.115230,1.088525,-0.019736,-0.762896,39.499554,-24.166763,-3.102846,0.559781,1.721298,-0.294938,0.000000,0.000000,0.000000,0.000000,0.000000,0.000000
10408277.000000,-2.264831,-1.663313,1.366321,-1.479969,1.679509,1.415989,-0.588803,0.184653,0.009510,1.101430,-0.084124,-0.114396,1.090082,-0.021058,-0.735125,39.428143,-24.043777,-3.225832,0.547880,1.741439,-0.254655,0.000000,0.000000,0.000000,0.000000,0.000000,0.000000
10408278.000000,-2.264662,-1.663297,1.367426,-1.480046,1.679401,1.417070,-0.588828,0.180930,0.013526,1.099661,-0.086718,-0.116176,1.085141,-0.020943,-0.612139,39.281353,-24.043777,-3.277406,0.482877,1.721298,-0.241837,0.000000,0.000000,0.000000,0.000000,0.000000,0.000000
10408279.000000,-2.264481,-1.663286,1.368529,-1.480116,1.679297,1.418185,-0.588852,0.183045,0.012118,1.096962,-0.081284,-0.109583,1.095254,-0.025302,-0.612139,39.182171,-24.071548,-3.400392,0.446256,1.572067,-0.235429,0.000000,0.000000,0.000000,0.000000,0.000000,0.000000
10408280.000000,-2.264307,-1.663272,1.369612,-1.480188,1.679181,1.419303,-0.588878,0.176475,0.012098,1.103818,-0.078279,-0.111681,1.103226,-0.024190,-0.540728,39.035381,-24.071548,-3.475771,0.470060,1.474105,-0.221696,0.000000,0.000000,0.000000,0.000000,0.000000,0.000000
10408281.000000,-2.264136,-1.663263,1.370691,-1.480253,1.679067,1.420385,-0.588900,0.174667,0.009711,1.094165,-0.076359,-0.108340,1.103030,-0.022072,-0.512957,38.983807,-23.801773,-3.547182,0.494779,1.591293,-0.241837,0.000000,0.000000,0.000000,0.000000,0.000000,0.000000
10408282.000000,-2.263963,-1.663257,1.371760,-1.480320,1.678948,1.421476,-0.588920,0.171115,0.009850,1.085735,-0.072762,-0.111392,1.100281,-0.021157,-0.489153,38.983807,-23.678787,-3.570986,0.542386,1.786300,-0.241837,0.000000,0.000000,0.000000,0.000000,0.000000,0.000000
10408283.000000,-2.263796,-1.663242,1.372834,-1.480390,1.678831,1.422575,-0.588935,0.172645,0.009295,1.078183,-0.073822,-0.112561,1.092186,-0.018941,-0.489153,38.888592,-23.381241,-3.570986,0.566190,1.903487,-0.287614,0.000000,0.000000,0.000000,0.000000,0.000000,0.000000
10408284.000000,-2.263629,-1.663230,1.373923,-1.480455,1.678723,1.423681,-0.588960,0.168703,0.008336,1.082172,-0.071402,-0.110168,1.094499,-0.019873,-0.465350,38.813213,-23.286026,-3.570986,0.506681,1.838485,-0.268388,0.000000,0.000000,0.000000,0.000000,0.000000,0.000000
10408285.000000,-2.263462,-1.663212,1.374997,-1.480520,1.678621,1.424812,-0.588983,0.164783,0.011160,1.085769,-0.072266,-0.108670,1.098133,-0.020723,-0.489153,38.717999,-23.258255,-3.570986,0.446256,1.637069,-0.241837,0.000000,0.000000,0.000000,0.000000,0.000000,0.000000
10408286.000000,-2.263306,-1.663188,1.376099,-1.480589,1.678524,1.425920,-0.589002,0.158713,0.015832,1.094173,-0.072253,-0.106350,1.103544,-0.019020,-0.413775,38.519634,-23.432816,-3.475771,0.356534,1.519881,-0.274796,0.000000,0.000000,0.000000,0.000000,0.000000,0.000000
10408287.000000,-2.263145,-1.663168,1.377194,-1.480655,1.678419,1.427016,-0.589029,0.159378,0.017778,1.081922,-0.068949,-0.109492,1.099647,-0.021379,-0.389971,38.372845,-23.678787,-3.376589,0.381254,1.611434,-0.215287,0.000000,0.000000,0.000000,0.000000,0.000000,0.000000
10408288.000000,-2.262988,-1.663146,1.378309,-1.480721,1.678309,1.428103,-0.589047,0.161091,0.019196,1.097126,-0.070632,-0.107937,1.092528,-0.020238,-0.342364,38.226055,-24.019974,-3.225832,0.434354,1.819259,-0.229020,0.000000,0.000000,0.000000,0.000000,0.000000,0.000000
10408289.000000,-2.262842,-1.663129,1.379432,-1.480785,1.678201,1.429181,-0.589064,0.158558,0.018434,1.100132,-0.067357,-0.110970,1.090509,-0.019171,-0.167803,38.154644,-24.388931,-3.126650,0.482877,1.974899,-0.248246,0.000000,0.000000,0.000000,0.000000,0.000000,0.000000
10408290.000000,-2.262694,-1.663107,1.380539,-1.480843,1.678101,1.430272,-0.589086,0.154815,0.019332,1.089385,-0.064835,-0.110926,1.093795,-0.015115,-0.044818,38.031658,-24.805496,-3.154421,0.470060,2.060043,-0.229020,0.000000,0.000000,0.000000,0.000000,0.000000,0.000000
10408291.000000,-2.262547,-1.663088,1.381659,-1.480901,1.678003,1.431363,-0.589105,0.152566,0.019188,1.094458,-0.061631,-0.105790,1.096882,-0.016267,0.030561,37.932476,-25.150650,-3.126650,0.452665,1.955673,-0.221696,0.000000,0.000000,0.000000,0.000000,0.000000,0.000000
10408292.000000,-2.262398,-1.663067,1.382754,-1.480966,1.677901,1.432447,-0.589118,0.151351,0.020212,1.101809,-0.061917,-0.107249,1.090388,-0.010929,0.054365,37.785686,-25.198257,-2.979860,0.458158,1.962081,-0.254655,0.000000,0.000000,0.000000,0.000000,0.000000,0.000000
10408293.000000,-2.262244,-1.663050,1.383865,-1.481034,1.677799,1.433528,-0.589138,0.155402,0.019281,1.109864,-0.066394,-0.109519,1.076740,-0.018456,-0.017047,37.714275,-25.249832,-2.781496,0.476469,2.047225,-0.235429,0.000000,0.000000,0.000000,0.000000,0.000000,0.000000
10408294.000000,-2.262097,-1.663030,1.384965,-1.481111,1.677690,1.434598,-0.589150,0.154218,0.019326,1.098671,-0.072225,-0.106216,1.068953,-0.013590,-0.044818,37.615093,-25.027664,-2.460146,0.488370,2.104903,-0.241837,0.000000,0.000000,0.000000,0.000000,0.000000,0.000000
10408295.000000,-2.261953,-1.663021,1.386047,-1.481181,1.677577,1.435688,-0.589161,0.150477,0.016499,1.096376,-0.073979,-0.105673,1.073577,-0.014004,-0.044818,37.638897,-24.805496,-2.237978,0.554288,2.079269,-0.268388,0.000000,0.000000,0.000000,0.000000,0.000000,0.000000
10408296.000000,-2.261814,-1.663012,1.387142,-1.481250,1.677469,1.436786,-0.589181,0.147651,0.013423,1.095111,-0.076317,-0.107731,1.076518,-0.017462,0.006757,37.714275,-24.535721,-2.091188,0.571683,1.962081,-0.215287,0.000000,0.000000,0.000000,0.000000,0.000000,0.000000
10408297.000000,-2.261687,-1.662995,1.388236,-1.481313,1.677366,1.437870,-0.589192,0.142848,0.014327,1.089910,-0.073766,-0.102308,1.078473,-0.016840,0.205121,37.662701,-24.265945,-2.015810,0.518583,1.844894,-0.241837,0.000000,0.000000,0.000000,0.000000,0.000000,0.000000
10408298.000000,-2.261554,-1.662983,1.389324,-1.481373,1.677266,1.438972,-0.589202,0.140382,0.014433,1.094791,-0.067046,-0.099555,1.086946,-0.016037,0.276533,37.638897,-24.166763,-2.015810,0.494779,1.727706,-0.281205,0.000000,0.000000,0.000000,0.000000,0.000000,0.000000
10408299.000000,-2.261441,-1.662982,1.390409,-1.481431,1.677165,1.440054,-0.589218,0.130775,0.007794,1.094189,-0.062261,-0.096945,1.093479,-0.013853,0.550275,37.761883,-23.849380,-2.015810,0.458158,1.670028,-0.235429,0.000000,0.000000,0.000000,0.000000,0.000000,0.000000
10408300.000000,-2.261322,-1.662978,1.391483,-1.481491,1.677056,1.441133,-0.589234,0.128459,0.006278,1.086834,-0.060136,-0.103359,1.085831,-0.015817,0.748639,37.884869,-23.678787,-1.964235,0.518583,1.825668,-0.215287,0.000000,0.000000,0.000000,0.000000,0.000000,0.000000
10408301.000000,-2.261203,-1.662973,1.392580,-1.481545,1.676949,1.442210,-0.589240,0.126241,0.006543,1.085593,-0.054806,-0.105411,1.075219,-0.013826,0.923200,37.956280,-23.603409,-1.940431,0.512174,2.007858,-0.287614,0.000000,0.000000,0.000000,0.000000,0.000000,0.000000
10408302.000000,-2.261086,-1.662965,1.393680,-1.481596,1.676853,1.443300,-0.589257,0.120228,0.007763,1.092308,-0.054052,-0.105018,1.077682,-0.012697,1.046186,37.984051,-23.579605,-1.916628,0.452665,1.936446,-0.229020,0.000000,0.000000,0.000000,0.000000,0.000000,0.000000
10408303.000000,-2.260969,-1.662957,1.394765,-1.481648,1.676750,1.444420,-0.589269,0.117442,0.008663,1.094129,-0.053870,-0.103127,1.086721,-0.013432,1.121564,38.007854,-23.627213,-1.869020,0.470060,1.714889,-0.248246,0.000000,0.000000,0.000000,0.000000,0.000000,0.000000
10408304.000000,-2.260851,-1.662944,1.395856,-1.481697,1.676647,1.445528,-0.589279,0.118643,0.011113,1.095275,-0.054022,-0.101568,1.093521,-0.013594,1.121564,37.956280,-23.603409,-1.817445,0.488370,1.507064,-0.281205,0.000000,0.000000,0.000000,0.000000,0.000000,0.000000
10408305.000000,-2.260732,-1.662934,1.396926,-1.481751,1.676542,1.446629,-0.589298,0.117792,0.011552,1.093117,-0.052499,-0.104777,1.100221,-0.021433,1.093793,37.956280,-23.480423,-1.694460,0.494779,1.494247,-0.235429,0.000000,0.000000,0.000000,0.000000,0.000000,0.000000
10408306.000000,-2.260608,-1.662916,1.397998,-1.481803,1.676426,1.447718,-0.589306,0.121172,0.011582,1.089373,-0.054363,-0.105996,1.099042,-0.019781,0.994611,37.833294,-23.258255,-1.571474,0.596403,1.662704,-0.261979,0.000000,0.000000,0.000000,0.000000,0.000000,0.000000
10408307.000000,-2.260492,-1.662908,1.399069,-1.481851,1.676312,1.448802,-0.589323,0.120387,0.010971,1.077601,-0.055226,-0.104693,1.099400,-0.016092,0.947004,37.861065,-22.940872,-1.472292,0.649503,1.702071,-0.229020,0.000000,0.000000,0.000000,0.000000,0.000000,0.000000
10408308.000000,-2.260378,-1.662886,1.400135,-1.481895,1.676202,1.449902,-0.589332,0.119085,0.014750,1.064759,-0.051492,-0.106262,1.100363,-0.016017,0.923200,37.714275,-22.794083,-1.420717,0.644010,1.656295,-0.248246,0.000000,0.000000,0.000000,0.000000,0.000000,0.000000
10408309.000000,-2.260268,-1.662869,1.401224,-1.481929,1.676101,1.450989,-0.589343,0.116181,0.016202,1.066946,-0.046704,-0.101244,1.099835,-0.016958,0.923200,37.615093,-22.841690,-1.448488,0.596403,1.597701,-0.241837,0.000000,0.000000,0.000000,0.000000,0.000000,0.000000
10408310.000000,-2.260159,-1.662851,1.402304,-1.481969,1.676014,1.452100,-0.589352,0.114757,0.017877,1.075773,-0.045479,-0.093732,1.098189,-0.011483,0.923200,37.492107,-22.964676,-1.396913,0.452665,1.454879,-0.274796,0.000000,0.000000,0.000000,0.000000,0.000000,0.000000
10408311.000000,-2.260050,-1.662830,1.403405,-1.482003,1.675905,1.453201,-0.589363,0.111127,0.018822,1.089394,-0.043860,-0.095713,1.083849,-0.013653,0.923200,37.369122,-23.186844,-1.373109,0.494779,1.500655,-0.268388,0.000000,0.000000,0.000000,0.000000,0.000000,0.000000
10408312.000000,-2.259944,-1.662816,1.404516,-1.482039,1.675795,1.454273,-0.589378,0.107784,0.017369,1.093018,-0.040771,-0.098225,1.082460,-0.016440,0.923200,37.345318,-23.504227,-1.297731,0.566190,1.676437,-0.229020,0.000000,0.000000,0.000000,0.000000,0.000000,0.000000
10408313.000000,-2.259843,-1.662799,1.405615,-1.482070,1.675701,1.455367,-0.589386,0.107963,0.018070,1.094972,-0.036993,-0.100660,1.084173,-0.015500,0.970807,37.246136,-23.896988,-1.273927,0.530485,1.773483,-0.268388,0.000000,0.000000,0.000000,0.000000,0.000000,0.000000
10408314.000000,-2.259738,-1.662785,1.406732,-1.482097,1.675593,1.456465,-0.589401,0.107889,0.014180,1.100698,-0.033729,-0.101620,1.088975,-0.017904,0.970807,37.198528,-24.265945,-1.273927,0.601896,1.793624,-0.229020,0.000000,0.000000,0.000000,0.000000,0.000000,0.000000
10408315.000000,-2.259637,-1.662769,1.407847,-1.482111,1.675498,1.457561,-0.589410,0.108384,0.011889,1.097724,-0.025981,-0.103681,1.094332,-0.012871,1.022382,37.127117,-24.535721,-1.373109,0.589994,1.649886,-0.241837,0.000000,0.000000,0.000000,0.000000,0.000000,0.000000
10408316.000000,-2.259532,-1.662763,1.408933,-1.482130,1.675405,1.458657,-0.589414,0.107611,0.010006,1.100248,-0.021598,-0.099853,1.094644,-0.012447,0.970807,37.198528,-24.611099,-1.420717,0.554288,1.637069,-0.294938,0.000000,0.000000,0.000000,0.000000,0.000000,0.000000
10408317.000000,-2.259426,-1.662752,1.410022,-1.482152,1.675296,1.459717,-0.589432,0.107828,0.007923,1.090518,-0.020743,-0.105208,1.089199,-0.012439,0.847822,37.174725,-24.511917,-1.373109,0.613798,1.825668,-0.215287,0.000000,0.000000,0.000000,0.000000,0.000000,0.000000
10408318.000000,-2.259325,-1.662747,1.411086,-1.482168,1.675198,1.460794,-0.589434,0.106190,0.006655,1.082269,-0.019264,-0.101323,1.088186,-0.011418,0.824018,37.273907,-24.242142,-1.349306,0.584501,1.988631,-0.281205,0.000000,0.000000,0.000000,0.000000,0.000000,0.000000
10408319.000000,-2.259222,-1.662747,1.412167,-1.482186,1.675097,1.461880,-0.589446,0.107126,0.004834,1.074195,-0.020012,-0.099419,1.080724,-0.013986,0.724836,37.420696,-23.896988,-1.250124,0.584501,2.085677,-0.261979,0.000000,0.000000,0.000000,0.000000,0.000000,0.000000
10408320.000000,-2.259119,-1.662739,1.413264,-1.482191,1.674999,1.462961,-0.589456,0.103569,0.003422,1.077999,-0.013118,-0.097355,1.081558,-0.011485,0.625654,37.444500,-23.750198,-1.321535,0.566190,2.033492,-0.235429,0.000000,0.000000,0.000000,0.000000,0.000000,0.000000
